<?xml version="1.0" encoding="UTF-8"?>

<?xml-stylesheet type="text/xsl" href="correccion.xsl"?>

<questions>

	<!-- Edades de la historia -->
   	<question id="jklm_001">
		<type>radio</type>
		<title>1.- Selecciona el orden cronológico adecuado:</title>
		<option> Edad Media, Prehistoria, Edad Moderna y Contemporánea, Edad Antigua</option>
		<option> Prehistoria, Edad Antigua, Edad Media, Edad Moderna y Contemporánea</option>
		<option> Edad Moderna y Contemporánea, Edad Antigua, Prehistoria, Edad Media</option>
		<option> Prehistoria, Edad Antigua, Edad Media, Contemporánea y Edad Moderna</option>
		<answer>1</answer>
	</question>
	

	<!--Prehistoria (Juan Sixto)-->

	<question id="jklm_002">
		<type>radio</type>
		<title>2.- ¿Cuál fue el primer homínido?</title>
		<option> Homo Erectus</option>
		<option> Homo Habilis</option>
		<option> Australopithecus</option>
		<answer>2</answer>
	</question>


	<question id="jklm_003">
		<type>text</type>
		<title>3.- ¿La especie humana y los mamuts compartieron hábitat? (Sí/No)</title>
		<answer>Sí</answer>
	</question>


	<question id="jklm_004">
		<type>checkbox</type>
		<title>4.- El hombre de Cro-Magnon se extinguió debido principalmente a:</title>
		<option> Cambios Climáticos</option>
		<option> Guerras y Mestizaje</option>
		<option> Enfermedades</option>
	<answer>1</answer>
	</question>


	<!--Edad Antigua (Marga)-->

	<question id="jklm_005">
		<type>select</type>
		<title>5.- ¿Qué Edad de la Historia tuvo una época que se caracterizaba por el ideal de belleza y perfección?</title>
		<option> Edad Media</option>
		<option> Edad Moderna y Contemporánea</option>
		<option> Prehistoria</option>
		<option> Edad Antigua</option>
	<answer>3</answer>
	</question>


	<question id="jklm_006">
		<type>radio</type>
		<title>6.- ¿Cuándo se fundó Roma?</title>
		<option> Enero de 69 a.C.</option> 
		<option> Junio de 323 a.C.</option> 
		<option> Abril de 753 ó 752 a.C.</option> 
		<option> Agosto de 480 a.C.</option>
		<answer>2</answer>
	</question>


	<question id="jklm_007">
		<type>text</type>
		<title>7.- ¿En honor de qué dios griego se celebraban los Juegos Olímpicos? (Poseidón, Zeus, Apolo, Heracles)</title>
		<answer>Zeus</answer>
	</question>


<!--Edad Media (Lansana)-->
	<question id="jklm_008">
		<type>text</type>
		<title>8.- La edad media en Europa tuvo un periodo de (1000, 1500, 2000) años:</title>
		<answer>1000</answer>
	</question>	
	

	<question id="jklm_009">
		<type>multiple</type>
			<title>9.- En el periodo medieval, era el estamento más alto después del rey. No pagaban impuestos. ¿A qué grupo social corresponde la descripción?</title>
			<option> Los campesinos</option>
			<option> El clero</option>
			<option> La nobleza</option>
			<option> Señores feudales</option>
			<answer>2</answer>
			<answer>3</answer>
	</question>	
	

	<question id="jklm_010">
		<type>multiple</type>
		<title>10.- Cuando no había guerra declarada, ¿qué distracciones tenían los señores?</title>
		<option> Cacerías, justas y torneos</option>
		<option> Las Cruzadas</option>
		<option> Asistiendo a misa</option>
		<option> Canciones de trovadores</option>
		<answer>0</answer>
		<answer>3</answer>
	</question>


	<!--Edad Moderna y Contemporánea (Kevin)-->
	<question id="jklm_011">
		<type>checkbox</type>
		<title>11.- ¿Cuáles fueron las posesiones del reino español en el siglo XVI?</title>
		<option> Toda América Latina</option>
		<option> América Latina excepto Argentina</option>
		<option> América Latina excepto Brasil</option>
		<answer>2</answer>
	</question>


	<question id="jklm_012">
		<type>text</type>
		<title>12.- ¿Cuándo se inició el &#34;Siglo&#34; de Oro español? (XV, XVI, XVII)</title>	
	<answer>XV</answer>
	</question>


	<question id="jklm_013">
		<type>select</type>
		<title>13.- En América, ¿qué territorio descubrieron y colonizaron los portugueses?</title>
		<option> Brasil</option>
		<option> Chile</option>
		<option> Argentina</option>
		<answer>0</answer>
	</question>

</questions>
